<?xml version="1.0" encoding="UTF-8"?>
<parser>
    <header>
        <date></date>
        <generator></generator>
        <process>dbu</process>
    </header>
    <events>
        <in>
            <event>CORE_MSG_TYPE_OperationOnTradeCreation</event>
        </in>
        <in>
            <event>CORE_MSG_TYPE_OperationOnTradeLegAndPostingCancellation</event>
        </in>
        <in>
            <event>CORE_MSG_TYPE_RequestForTradeLegAndPostingModification</event>
            <out>
                <event>CORE_MSG_TYPE_OperationOnTradeLegAndPostingModification</event>
            </out>
        </in>
    </events>
</parser>
