<?xml version="1.0" encoding="UTF-8"?>
<parser>
    <header>
        <date></date>
        <generator></generator>
        <process>trm</process>
    </header>
    <events>
        <in>
            <event>CORE_MSG_TYPE_RequestForTradeCreation</event>
            <out>
                <event>CORE_MSG_TYPE_OperationOnTradeError</event>
                <event>CORE_MSG_TYPE_OperationOnTradeCreation</event>
                <event>CORE_MSG_TYPE_RequestForTradeLegCreation</event>
            </out>
        </in>
    </events>
</parser>
